

[	

	{     "FieldName"				: 	"FB",
			"Field"             :  "FIXED BASIC",
		"Dirper"				:	"Direct",
		"Rounding" 				: 	"1 Rupee",
		"Formula" 				: 	"",
		"Percent" 				: 	"",
		"Maximum" 				: 	"",
		"Arrear" 				: 	"AB",
		"LOP Arrear" 			: 	"",
		"Supplementary Arrear"	: 	""
    },   
	
    {   "FieldName"				: 	"APROJ",
		"Field"             :  "Arrear Project Allowance",
		"Dirper"				:	"Direct",
		"Rounding" 				: 	"1 Rupee",
		"Formula" 				: 	"",
		"Percent" 				: 	"",
		"Maximum" 				: 	"",
		"Arrear" 				: 	"",
		"LOP Arrear" 			: 	"",
		"Supplementary Arrear"	: 	""
    },
	
     {   "FieldName"				: 	"FPROJ",
		"Field"             :  "Master Project Allowance",
		"Dirper"				:	"Direct",
		"Rounding" 				: 	"1 Rupee",
		"Formula" 				: 	"",
		"Percent" 				: 	"",
		"Maximum" 				: 	"",
		"Arrear" 				: 	"Arrear Project Allowance",
		"LOP Arrear" 			: 	"",
		"Supplementary Arrear"	: 	""
    },	
			
     {   "FieldName"				: 	"EPROJ",
		"Field"             :  "Project Allowance",
		"Dirper" 				: 	"Percentage",
		"Rounding" 				: 	"1 Rupee",
		"Formula" 				: 	"(FPROJ/MD)*PD",
		"Percent" 				: 	"100",
		"Maximum" 				: 	"100",
		"Arrear" 				: 	"",
		"LOP Arrear" 			: 	"",
		"Supplementary Arrear"	: 	""
    },
	
    {    "FieldName"				:	"AFIELD",
		"Field"             :  "Arrear Field Allownace",
		"Dirper"				:	"Direct",
		"Rounding" 				: 	"1 Rupee",
		"Formula" 				: 	"",
		"Percent" 				: 	"",
		"Maximum" 				: 	"",
		"Arrear" 				: 	"",
		"LOP Arrear" 			: 	"",
		"Supplementary Arrear"	: 	""
    },
	
     {   "FieldName"				: 	"FFIELD",
		"Field"             :  "Master Field Allowance",
		"Dirper"				:	"Direct",
		"Rounding" 				: 	"1 Rupee",
		"Formula" 				: 	"",
		"Percent" 				: 	"",
		"Maximum" 				: 	"",
		"Arrear" 				: 	"Arrear Field Allownace",
		"LOP Arrear" 			: 	"",
		"Supplementary Arrear"	: 	""
    },
	
      {  "FieldName"				: 	"EFIELD",
		"Field"             :  "Field Allowance",
		"Dirper" 				: 	"Percentage",
		"Rounding" 				: 	"1 Rupee",
		"Formula" 				: 	"(FFIELD/MD)*PD",
		"Percent" 				: 	"100",
		"Maximum" 				: 	"100",
		"Arrear" 				: 	"",
		"LOP Arrear" 			: 	"",
		"Supplementary Arrear"		: 	""
    }	
	
  
	
]